<?xml version="1.0" encoding="UTF-8"?>
<project-private xmlns="http://www.netbeans.org/ns/project-private/1">
    <editor-bookmarks xmlns="http://www.netbeans.org/ns/editor-bookmarks/2" lastBookmarkId="0"/>
    <open-files xmlns="http://www.netbeans.org/ns/projectui-open-files/2">
        <group>
            <file>file:/D:/GLOBANT/JAVA/EjcExtraGrupal2_POO_GymApp/src/Servicios/ServicioCliente.java</file>
            <file>file:/D:/GLOBANT/JAVA/EjcExtraGrupal2_POO_GymApp/src/Entidades/Cliente.java</file>
            <file>file:/D:/GLOBANT/JAVA/EjcExtraGrupal2_POO_GymApp/src/Entidades/Rutina.java</file>
            <file>file:/D:/GLOBANT/JAVA/EjcExtraGrupal2_POO_GymApp/src/ejcextragrupal2_poo_gymapp/EjcExtraGrupal2_POO_GymApp.java</file>
            <file>file:/D:/GLOBANT/JAVA/EjcExtraGrupal2_POO_GymApp/src/Servicios/ServicioRutina.java</file>
        </group>
    </open-files>
</project-private>
